{
    "$schema": "https://schema.management.azure.com/schemas/2015-01-01/deploymentTemplate.json#",
    "contentVersion": "1.0.0.0",
    "parameters": {
        "authType" :{
            "type" : "string"
        },
        "hereAPP_ID": {
            "type": "string",
            "defaultValue": ""
        },
        "hereAPP_CODE": {
            "type": "string",
            "defaultValue": ""
        },
        "hereAPI_KEY": {
            "type": "string",
            "defaultValue": ""
        },
        "storageAccountType": {
            "type": "string"
        },
        "storageName": {
            "type": "string"
        },
        "storageAccountNewOrExisting": {
            "type": "string"
        },
        "storageAccountExistingRG": {
            "type": "string"
        },
        "location": {
            "type": "string"
        }

    },
    "variables": {
        "nestedTemplateUri": "[uri(deployment().properties.templateLink.uri, 'nestedtemplates/azuredeploy.json')]",
        "functionZipPackageUrl": "[uri(deployment().properties.templateLink.uri, 'deployables/hlsTemplateServerlessFunction.zip')]"
    },
    "resources": [
        {
        "apiVersion": "2018-02-01",
        "name": "pid-4f3af7ce-3171-5867-a16f-0abb5914d599",
        "type": "Microsoft.Resources/deployments",
        "properties": {
            "mode": "Incremental",
            "templateLink": {
                "contentVersion": "1.0.0.0",
                "uri": "[variables('nestedTemplateUri')]"
            },
            "parameters": {
                "authType" :{
                    "value": "[parameters('authType')]"
                },
                "hereAPP_ID": {
                    "value": "[parameters('hereAPP_ID')]"
                },
                "hereAPP_CODE": {
                    "value": "[parameters('hereAPP_CODE')]"
                },
                "hereAPI_KEY": {
                    "value": "[parameters('hereAPI_KEY')]"
                },
                "storageAccountType": {
                    "value": "[parameters('storageAccountType')]"
                },
                "storageName": {
                    "value": "[parameters('storageName')]"
                },
                "storageAccountNewOrExisting": {
                    "value": "[parameters('storageAccountNewOrExisting')]"
                },
                "storageAccountExistingRG": {
                    "value": "[parameters('storageAccountExistingRG')]"
                },
                "functionZipPackageUrl": {
                    "value": "[variables('functionZipPackageUrl')]"
                },
                "location": {
                    "value": "[parameters('location')]"
                }
            }
        }
    }],
    "outputs": {}
}
